{
    "definition": {
        "$schema": "https://schema.management.azure.com/providers/Microsoft.Logic/schemas/2016-06-01/workflowdefinition.json#",
        "actions": {
            "Call_an_Azure_function": {
                "inputs": {
                    "function": {
                        "connectionName": "azureFunctionOperation"
                    },
                    "method": "GET"
                },
                "runAfter": {},
                "type": "Function"
            }
        },
        "contentVersion": "1.0.0.0",
        "outputs": {},
        "triggers": {
            "When_a_HTTP_request_is_received": {
                "kind": "Http",
                "type": "Request"
            }
        }
    },
    "kind": "Stateful"
}